Latitude:,Longitude:,500mb Height:,Num. of pt.s in RoI:
49.27626500724283,-31.79891282429442,5409.974966395654,53
50.10314636348376,-29.64853198275109,5400.055395355324,56
50.88000027393967,-27.402223443110408,5394.969756181621,58
51.60238900838633,-25.060790592794493,5393.460684215675,63
52.265868314808415,-22.626373982890367,5385.304639365915,67
52.866061235563215,-20.10262578590718,5374.810582692295,71
53.39874343947775,-17.494851484838208,5376.318254532976,76
53.859937980812035,-14.81010056841877,5369.693248200101,76
54.24601606764236,-12.057188132384985,5360.664593296313,83
54.55379911492166,-9.246631968931942,5356.541429320401,85
54.78065628353369,-6.390495314646982,5355.189616202908,91
54.92459109979623,-3.502133720773162,5357.735567386324,93
54.984310813370406,-0.5958546250102256,5367.7033154311375,97
54.95927299827963,2.3134913769890826,5371.326067430602,95
54.84970550536233,5.210959714983296,5385.213837249119,95
54.65659805223106,8.081968134581167,5386.8001875930695,95
54.38166617661259,10.912725761181461,5389.288414697936,91
54.027290607098244,13.690604349538368,5402.9872498250315,92
53.59643697458231,16.404428799575747,5420.779630815376,87
53.09256195645161,19.044674027088472,5436.439787027011,86
52.519512323204616,21.603565730160195,5440.234792263972,82
51.88142300401947,24.075091778071574,5448.250632023326,75
51.18261937723055,26.454937706918834,5446.852655684164,75
50.427527752067725,28.74036366272885,5444.880962972076,69
49.620596665586945,30.93004123673404,5440.94460329753,63
48.766230356387574,33.02386755579665,5443.299589751381,60
47.868734714443406,35.02277147271687,5437.429387588458,55
47.90148837316065,-30.54173733720526,5426.4631239501105,53
48.69106774003566,-28.44363123487643,5418.95239369609,59
49.431663528889516,-26.25889343708812,5405.897899516327,60
50.1192253288338,-23.988790930203354,5393.762454481079,63
50.749726914381974,-21.635760805455064,5398.552851037244,71
51.31923183570237,-19.203536413410156,5393.704026266332,72
51.82396743161005,-16.697243263836125,5384.6203471679455,75
52.260405294671955,-14.123451588577145,5381.765899770224,79
52.62534526297826,-11.490173193316044,5376.164965468841,85
52.915999121683335,-8.806792694435309,5371.388070110639,84
53.13006951435272,-6.083927584751272,5377.584483820776,91
53.265819238822665,-3.3332175566686675,5378.409049260716,98
53.322126255512835,-0.5670504869947608,5376.605792661305,99
53.298520425302165,2.2017605409084013,5394.363313674376,100
53.19519918701619,4.960328999707499,5397.894111314245,101
53.01302095303146,7.696051722016571,5417.069436444133,100
52.75347673980293,10.396946366555692,5423.796013075418,99
52.41864221616993,13.051947587794007,5434.080458953053,94
52.01111371959307,15.651144950291542,5455.340521558144,88
51.53393269537559,18.185952263568716,5469.682576673211,88
50.99050338432415,20.649205122521014,5479.490544714668,84
50.384508443169466,23.035189929509784,5487.981909299655,80
49.719826628228816,25.339612744138883,5486.567632540319,78
49.00045584823145,27.55951954978066,5487.01637166637,74
48.23044394721053,29.69318092340637,5488.045803556935,68
47.41382864360585,31.739953919426277,5484.753878294456,61
46.55458722222035,33.70013266061724,5479.048349546847,58
46.52223441627096,-29.37158022079334,5463.609399469584,53
47.27660805295922,-27.32553338279264,5444.7332890245525,57
47.9831322813633,-25.20112364547507,5431.950968064892,59
48.63810807060516,-22.99993576517923,5417.238746690986,63
49.2378829672148,-20.724575128810933,5418.944730049661,67
49.778909078083394,-18.378758145108232,5407.349129962295,72
50.25780716060048,-15.967375675240481,5399.992812610208,74
50.671435037270044,-13.496520137798527,5392.292629949121,82
51.016957867883306,-10.973467837912438,5391.533508724512,86
51.29191720527508,-8.406610192462873,5389.845713931916,87
51.49429532946163,-5.805330860564855,5394.792390293644,97
51.62257119523398,-3.1798301198642362,5396.64554382787,100
51.675764512029865,-0.5409026911862429,5403.616941708573,102
51.65346502989464,2.1003200502285337,5408.655924273338,104
51.55584500111863,4.732648664802234,5429.2533567893115,105
51.38365393313813,7.345117872102082,5438.320997776329,103
51.13819600656517,9.9272548215619,5448.854121219654,101
50.82129174278878,12.469317419544774,5464.1349023656185,97
50.43522651790885,14.962490043268424,5496.71025281256,91
49.982689221496095,17.39902844315573,5507.702987671217,89
49.46670469416735,19.77235053257142,5515.362181633911,85
48.89056355226356,22.07707438143244,5520.394979191422,82
48.257752677141646,24.30900851523314,5530.072235541733,81
47.57188909933994,26.46510225183622,5527.977994615956,79
46.83665934388544,28.54336520405191,5531.120581916095,72
46.05576561465967,30.542765353116433,5525.498354178986,70
45.232879555737924,32.463114498781174,5519.477184969139,62
45.14090753701397,-28.28059080292942,5477.178447236591,53
45.862042803250205,-26.285950770480618,5458.955624659764,59
46.536525669626386,-24.220302589290736,5445.845982832681,61
47.16097517828116,-22.085439274599544,5437.077239533359,62
47.732072917834465,-19.88404255497379,5424.793113334143,65
48.246614118901796,-17.61974687682398,5416.065879508298,73
48.70156313050442,-15.297179904952225,5407.531614274816,77
49.09411170521059,-12.921972825981966,5407.016201038363,82
49.42173803144005,-10.500734691926763,5408.280899376168,88
49.68226403873208,-8.040986797339302,5405.732124389786,92
49.873908232948985,-5.551055628167266,5411.136953761263,100
49.995331254851656,-3.03992607002054,5413.403962376403,100
50.04567154008794,-0.5170599885817325,5424.7426935326985,105
50.02456890348296,2.007811442020967,5435.112244903221,108
49.932174549432155,4.524910657627266,5441.148217079124,108
49.7691468587213,7.02463927943505,5456.01515118661,105
49.536633226200706,9.497793476267635,5471.985599064045,104
49.236239115772854,11.935757314320457,5484.152129824615,101
48.869986257272174,14.330664539542147,5519.7328841250355,95
48.44026245593534,16.675522297272376,5540.505939169882,93
47.94976577693296,18.96429370930093,5554.278059387125,88
47.40144590182467,21.191939538115747,5560.183335040119,85
46.798445262351244,23.354421991343735,5568.258657437342,84
46.1440421951529,25.448675810858116,5571.333605672358,81
45.441597895073116,27.472553055598997,5570.432456208589,77
44.694508439557474,29.42474846203631,5564.710496474472,75
43.906162666804825,31.304712082325853,5558.540289621513,70
43.75964131367306,-27.261714135366763,5488.382905457067,54
44.44938083963503,-25.317511265269648,5491.258626666713,57
45.093705833991066,-23.30884524512678,5469.878339812436,61
45.68952290401718,-21.23763562891525,5442.546343215083,66
46.23381223779729,-19.106575319398964,5426.998056347607,68
46.72367255105428,-16.919175163524006,5427.742183116641,74
47.156369132218146,-14.679788342300004,5422.205096604362,76
47.52938362140827,-12.393609776398074,5418.839687824956,86
47.8404638093853,-10.066646626357606,5416.460578978629,88
48.08767146287185,-7.70565738860867,5421.382674142863,92
48.269426018520804,-5.318059024092485,5429.852988326668,99
48.384541978855104,-2.9118038598466693,5438.775532207945,104
48.432258015124106,-0.4952304420543537,5450.20913194215,108
48.412256138192944,1.923105202219327,5455.710352468618,108
48.3246698178133,4.334609625133438,5467.942820355902,109
48.170080566658015,6.730833987134602,5479.323153559325,107
47.94950319326656,9.103648511068556,5496.3239922601815,105
47.66436059388493,11.445400548125095,5522.176685709797,104
47.31644952708933,13.749048983419309,5549.434474327832,98
46.907899242098836,16.00826983266139,5567.244418982604,98
46.44112507978772,18.217530291756717,5579.297163288748,94
45.9187792283977,20.37213089238124,5589.245272850615,90
45.34370071119379,22.468217525767738,5604.16879208304,84
44.71886644559896,24.502766740835213,5606.8867622598655,80
44.04734488681019,26.47354881220796,5607.646431055463,78
43.33225339898245,28.379073607567893,5600.072248400111,75
42.57672012412777,30.218524329020926,5603.175226050935,71
42.380330707818835,-26.3086139785145,5538.0557999002485,54
43.0403981026347,-24.413654130614237,5502.293231734198,56
43.65631220302912,-22.460060807316037,5473.506122901177,63
44.225239464384885,-20.44981956334458,5458.507002765724,67
44.74442718564879,-18.385589017422955,5439.938122959429,70
45.21124301837869,-16.270731215544814,5432.231078589666,74
45.62321662396945,-14.10932477971361,5430.595920010324,78
45.97808230727053,-11.906157433234991,5431.679997112877,83
46.273821205329845,-9.666695244600419,5433.101818873709,88
46.50870142137308,-7.39702706950061,5437.6611654459875,92
46.68131439738229,-5.103784143053765,5450.653838327748,100
46.7906058393801,-2.794036470062895,5463.557459818879,105
46.83589966267788,-0.4751694144738362,5470.3890854572255,105
46.816913709832846,1.8452544993074749,5481.767947597666,106
46.73376639465883,4.159642293712639,5490.790596157405,106
46.58697390785826,6.460518722346913,5500.599101929704,107
46.37743813802093,8.74066876756851,5535.4572130978895,104
46.10642596468572,10.993267793879731,5558.376476032581,106
45.77554101904753,13.211993773296168,5574.393150028134,103
45.386689343573195,15.391117492722875,5596.55364416344,97
44.942040590090876,17.525568373722873,5606.891250676257,95
44.44398646984412,19.610975276916008,5618.780416650706,91
43.89509811775706,21.64368324404275,5626.606434340064,89
43.29808387858841,23.620748415066693,5640.560418524331,81
42.65574879420983,25.539914269366246,5644.940877014881,77
41.97095680073092,27.39957286146841,5644.523349957544,74
41.24659636125395,29.198714883612283,5637.968787377744,71
41.00465994634783,-25.415599726789637,5575.0812041433965,51
41.636666365101235,-23.568535614805803,5524.236764229776,57
42.2257902564136,-21.668036840858974,5497.514796715106,60
42.76943288408255,-19.716110517564076,5475.777941783981,66
43.26508075179479,-17.715349977330753,5450.140660353807,68
43.71034033307045,-15.668954737464384,5441.7619391093685,77
44.102974248038144,-13.58073588165671,5431.379864422287,78
44.44093788718469,-11.455104428936414,5441.045725107303,85
44.72241530446434,-9.297040899268922,5445.6730138033245,89
44.945853075892146,-7.112045188232989,5450.983667400635,91
45.1099907661545,-4.9060669856477865,5468.544188712015,99
45.213886681417236,-2.6854182298040015,5477.285102086274,103
45.256937720008075,-0.45667036231565084,5494.605206714296,105
45.23889236204868,1.7734596981809096,5503.010634499785,104
45.15985615079399,3.9982300478844,5513.190674018999,105
45.020289387938604,6.2109954102616785,5538.212526269328,107
44.82099716000133,8.405324431240722,5558.221590599653,108
44.56311219702259,10.575107575260166,5583.362536530891,106
44.248071403663324,12.714651298447441,5601.083429560302,102
43.87758716818682,14.818755239227333,5619.132963911385,98
43.453614728461645,16.88277040780152,5633.976872326227,96
42.978316949348226,18.90263763521751,5647.052382809375,92
42.45402784715677,20.874906732548123,5660.2519994797285,87
41.88321609797981,22.79673781150303,5665.013586400263,85
41.26844960732142,24.665886967499475,5672.109356369607,78
40.612362020828435,26.480679001696913,5677.999971470785,76
39.91762184175766,28.239970070652674,5670.546551204126,71
39.63412664545318,-24.577558590071174,5617.993153564486,51
40.23957774419843,-22.776944417967197,5561.58245106948,54
40.803415732214795,-20.927538455070145,5517.838818066426,62
41.32325414726688,-19.03133712642431,5485.3045614394,67
41.7967939989757,-17.090848040344884,5464.536422447134,69
42.221854315496685,-15.109102391386445,5455.222338189424,76
42.59640362135914,-13.089655049953599,5447.6090459291945,77
42.918591496692436,-11.03657061098007,5456.810171690638,83
43.18677924168287,-8.954394206471836,5463.677596329314,90
43.399568586584095,-6.848106601316638,5472.195204146719,92
43.55582736141729,-4.723063949979842,5487.086120276823,97
43.654711081369655,-2.584923529651499,5500.563357294961,102
43.69567951864344,-0.4395576989592897,5509.578224060872,102
43.67850751645964,1.7070408341261225,5520.280600063263,102
43.60328954537818,3.8488587080677656,5549.20001579528,109
43.470437788036776,5.979962462586819,5567.422949976812,109
43.28067384245782,8.094595781849513,5578.906165420039,108
43.03501443046326,10.187269508799856,5607.764043915936,105
42.73475176172032,12.25284105564376,5631.680501186612,99
42.38142941499813,14.286580602264765,5645.4294004072635,98
41.976814742484095,16.284222378964454,5662.530807280641,95
41.522868874535526,18.242000277099873,5677.672129247299,90
41.02171540291657,20.156667931092557,5687.151734600694,88
40.47560875893541,22.025504194851784,5695.3555235085205,86
39.88690319217064,23.84630554562941,5702.317771008264,80
39.258023111265175,25.61736736540122,5702.081931479646,78
38.59143538638983,27.33745627458562,5706.218384460293,74
38.27006269470244,-23.789893606552614,5629.286894302146,52
38.850365654734226,-22.034226656914395,5578.235322806024,53
39.390315080801514,-20.23392091765161,5526.162824985549,63
39.8877165552857,-18.39093910079141,5500.549056657663,67
40.34046374324915,-16.507690338224513,5477.015558436449,70
40.746565286368856,-14.587037118677994,5468.06944404048,75
41.104172250840996,-12.632291846196955,5465.113105413444,78
41.41160540859153,-10.647201794858375,5468.9604342275115,82
41.667381541576326,-8.635921673516247,5481.351610107081,87
41.87023790470356,-6.602973578998652,5493.51079386997,90
42.01915397388184,-4.553194774885678,5506.829345155665,94
42.11336964881469,-2.4916744378834426,5519.783100855001,97
42.1523991779672,-0.4236812044550767,5531.764674716339,100
42.13604022283044,1.6454160393685426,5560.077590726805,105
42.06437767181919,3.7102312153012718,5572.143120676312,104
41.93778203746154,5.765444775070007,5584.796334843567,105
41.7569025069576,7.8058848578953315,5599.426672490029,107
41.522654947068325,9.826602836167892,5629.654954004194,103
41.23620537170068,11.82294059466907,5656.3439820536405,99
40.89894954939042,13.790587447330314,5670.754972294017,98
40.5124895475962,15.725625261293523,5683.629630777787,96
40.07860807620781,17.624561064900472,5707.387791310239,89
39.599241504377936,19.484347100480484,5716.662238315728,88
39.076452387987736,21.302388890741025,5723.045816354913,86
38.512402268631774,23.076542380723936,5728.465195004166,82
37.90932539991821,24.805101574537687,5737.232052361889,79
37.26950393465526,26.486778302939033,5738.078740756067,74
36.9136523632441,-23.04846759157272,5654.101050362544,51
37.470122774613344,-21.336219656270213,5595.043649154468,54
37.98748282558169,-19.583054107866143,5544.179738139217,62
38.46371201016608,-17.7908838701125,5511.2381729258195,67
38.89687731417695,-15.962012403487797,5492.534829747092,69
39.285156923766515,-14.099136724238834,5482.389636588225,73
39.626864213953574,-12.205341680727816,5481.474430369635,76
39.92047140648202,-10.284084621801915,5482.909004044823,78
40.16463222323549,-8.33916995147326,5495.343653490245,84
40.3582028271891,-6.374713510433467,5510.239993028759,88
40.500260344341456,-4.395097232694224,5528.735369575484,95
40.59011830168888,-2.4049150590485024,5537.416615311187,97
40.62733839927251,-0.4089116044342131,5554.207054420791,100
40.6117381560094,1.588084473007848,5577.933482161878,104
40.54339412284423,3.5812301111527285,5590.482784200141,105
40.422640532686074,5.565738002476922,5604.640761635063,103
40.250063442102295,7.536944748437889,5621.694024212931,103
40.026490601202696,9.490374619308096,5651.917975478618,101
39.75297745240545,11.42179681618333,5680.028965148949,98
39.430789794625376,13.32727454310148,5695.7871766886265,96
39.06138374879102,15.203204691731443,5710.479561836238,94
38.6463837192111,17.046347472689924,5734.188561298194,88
38.18755906284422,18.853845850677093,5743.970761580053,87
37.686800158190785,20.623235115746876,5752.362011439485,85
37.146094513290564,22.352443320365964,5755.316603117992,82
36.567503475883186,24.039783613314125,5759.951039647782,81
35.95314001658152,25.683939700417326,5765.579276107263,74
35.565948032498106,-22.349552840018344,5670.303709018073,48
36.09981650393588,-20.679193761654695,5612.115933816967,55
36.595796371631764,-18.971257289264464,5561.297801219451,61
37.05202479929884,-17.22759570507466,5525.563177125296,66
37.466724973068004,-15.450403588745434,5505.300693835314,68
37.838227033414,-13.642218060648919,5495.971514733086,71
38.16498908990531,-11.805911658341865,5494.932430027058,74
38.44561780132413,-9.944677239084495,5503.691314965999,80
38.67888795952262,-8.062004594495503,5510.566464560502,82
38.8637604947675,-6.161648816589629,5527.187510365127,88
38.99939832795749,-4.247590847673167,5540.9244013518655,91
39.085179533814895,-2.3239910529525223,5557.505881819669,95
39.120707349363585,-0.39513704250749115,5583.316507250647,101
39.10581666134932,1.5346126947247667,5595.091528633857,102
39.04057672958026,3.4608875288449723,5610.0689846984105,103
38.92529004288039,5.379363835957202,5624.834013659243,102
38.76048735114676,7.285822565869496,5642.520223352218,101
38.54691906080889,9.176203340376142,5676.300996545346,98
38.28554331205745,11.04665340415284,5696.126802441388,98
37.97751116614396,12.893570055931077,5715.160931612552,96
37.62414941364053,14.713635558172253,5740.174286149075,91
37.22694156626392,16.503843926238595,5757.472715479321,88
36.78750761501175,18.261519400263886,5769.255923532998,86
36.30758312783373,19.98432677532896,5776.544589452442,86
35.788998224874945,21.670274085207655,5782.377407398964,83
35.23365691391643,23.31770838675507,5788.371131016835,80
34.643517199137904,24.925305568978583,5787.410662869886,75
34.22788390467513,-21.689786236003894,5696.846580898215,49
34.74030232125866,-20.05980133530241,5624.196314615707,57
35.21602870445837,-18.3952428143697,5576.161844071277,60
35.65334334185368,-16.69789536803081,5543.341543784212,65
36.0506104441477,-14.969844311598695,5522.756056070786,68
36.40629665627563,-13.213473889875782,5511.136231790913,71
36.71898951134288,-11.431459373070412,5512.176849327207,75
36.98741538857591,-9.626752517592568,5518.5737824991065,78
37.21045650588817,-7.802560208318887,5531.686815346182,83
37.387166466273314,-5.962316379009129,5547.773131128721,89
37.516783888253855,-4.109647613548839,5560.719241297382,90
37.59874368581915,-2.2483331423509227,5582.052606365107,95
37.63268562265225,-0.3822602423537986,5599.754429559151,98
37.61845984691506,1.484623698252459,5614.8282610807,100
37.556129212384484,3.348360999940907,5631.286249628504,100
37.44596830353197,5.205033836494937,5647.232488164627,100
37.28845919922833,7.050813125493148,5663.678960960917,98
37.08428412461259,8.882004658809997,5693.451334584562,96
36.83431524599474,10.695091125668291,5715.7894284053145,95
36.53960195312075,12.48676891001967,5735.929209901127,95
36.20135604190963,14.25397882400784,5758.250305851021,92
35.8209352559862,15.993930246642417,5769.536012334151,91
35.39982566613469,17.70411844778571,5792.836293623755,86
34.939623364264,19.382335170427663,5799.277344582166,85
34.44201592529161,21.02667280136502,5810.094098919724,81
33.908764050354854,22.635522669465516,5810.141545531322,79
33.34168375243196,24.207568165034772,5804.272434067792,75
32.90028798621293,-21.066129340537007,5732.025982794177,47
33.39233537364735,-19.475032115913166,5649.088938627712,55
33.848859339919436,-17.852067524610217,5597.1082980478095,58
34.26827026593511,-16.19894863617972,5558.986390511447,62
34.64905991720505,-14.517653089479046,5538.604824884962,68
34.989817842895015,-12.810420086026443,5524.708554920855,68
35.28924762016294,-11.079742136137643,5527.732992225967,74
35.54618257118545,-9.328351268477729,5533.851818008636,75
35.75960055944532,-7.559199607704402,5552.638129161237,81
35.9286374666429,-5.775434447619291,5566.345210449376,85
36.05259896421612,-3.980368186519193,5578.942773186456,89
36.130970225000596,-2.1774437319933537,5601.572068228115,94
36.16342327076779,-0.3701962071482675,5612.928675437048,95
36.14982171849261,1.437788018123169,5631.743337058868,96
36.09022276902425,3.242913804269396,5647.655151385566,96
35.984876371934654,5.041619978890033,5665.990699683583,96
35.83422159440876,6.830421070258295,5689.679556465778,96
35.63888031444639,8.605946829480136,5714.755636808599,96
35.39964844386221,10.364978452474501,5739.163305422593,93
35.1174849597601,12.104480586382152,5758.019924709966,92
34.793499080583224,13.821628418229363,5773.428672547194,90
34.42893596214466,15.51382937986854,5788.007735330875,89
34.02516130935359,17.178739244999242,5806.82755596037,84
33.58364530123395,18.8142726252522,5813.892569525179,82
33.10594621207244,20.418608079347663,5823.438617260832,78
32.593694082845836,21.990188222256034,5824.882466450905,77
32.04857475774102,23.527715354125505,5825.187424260386,73
31.58389260056221,-20.475832996795056,5764.432882358378,47
32.0565805805417,-18.922174177161704,5682.16856964826,53
32.49488381994419,-17.339090760793578,5626.261406803285,55
32.89733111265485,-15.728222302914457,5578.929413970785,62
33.26252980526902,-14.091441697008616,5555.100146570832,65
33.589180351535425,-12.430851305896498,5540.211861211043,66
33.87609064600039,-10.748774653745382,5540.287725717932,70
34.12218981996922,-9.04774348459319,5545.413693535627,72
34.32654116904781,-7.330480150797584,5563.889380544801,78
34.48835388040049,-5.599875472496835,5577.457434932179,82
34.60699324096992,-3.858962397193135,5596.558273354832,87
34.681989035901694,-2.110885975400372,5616.789841969774,92
34.71304188891945,-0.35887034126415385,5633.893784396835,92
34.70002735192791,1.3938164664569224,5649.409791325787,94
34.64299761715034,3.143898898930547,5665.484604771238,93
34.54218079820816,4.8881305008886065,5683.438803373704,95
34.397977802685254,6.62332970614499,5710.662153579939,93
34.210956893575734,8.346413849373649,5727.446648669344,92
33.98184610639407,10.054430509110954,5757.300025605833,90
33.71152374891859,11.74458542921124,5776.426467088803,88
33.40100725861748,13.414266429584693,5790.055711272975,88
33.051440726851126,15.061062899758438,5802.236175463297,87
32.6640814181264,16.68278065782169,5824.053730497249,81
32.24028561724329,18.27745214050862,5834.752016641082,80
31.781494128301667,19.843342057117763,5844.513257587836,78
31.289217729147104,21.378948782683626,5846.163830732308,77
30.76502285533033,22.88300187913577,5847.488871370542,71
30.27934364580983,-19.91640599380909,5801.036528398574,47
30.73362148398287,-18.398779786861095,5724.495863633725,53
31.15462199461479,-16.853938042961346,5660.940373389603,55
31.540981905331567,-15.283446486526849,5607.219155774728,61
31.89141348231023,-13.689077079466282,5579.882502352608,63
32.20471747158344,-12.072803620731941,5561.8748430958,65
32.47979577669156,-10.436793583156375,5560.107670722828,69
32.71566360267357,-8.783396060917598,5564.885297162842,71
32.91146078751331,-7.115125829491481,5582.821738125278,77
33.06646204366296,-5.434643662145211,5596.534554156135,81
33.18008584518253,-3.7447331954990477,5618.231678976023,83
33.25190172072076,-2.0482747826647265,5635.411527153612,88
33.28163574860013,-0.3482169065065468,5648.8481328184935,90
33.26917409641843,1.3524541616228838,5664.949773650753,90
33.214564501828306,3.050745688958928,5682.155867736223,92
33.11801565084151,4.74368997786418,5703.380262510727,89
32.97989447201556,6.428375207235986,5723.739053363048,88
32.800721425911576,8.10197482597222,5743.8205906091625,90
32.581163926039224,9.761774775042246,5779.353548795209,88
32.322028077255005,11.40519791636126,5794.45719901395,87
32.02424895795338,13.029825173092995,5811.56229266115,87
31.688879701821648,14.633413028250317,5824.569042550445,85
31.317079652664464,16.21390717703288,5846.767624557343,80
30.910101871891996,17.769452274092412,5856.867695871368,79
30.46928027348001,19.29839785181791,5862.25706019763,78
29.99601664690504,20.799300603421177,5865.32232059289,70
29.491767806498135,22.270923320697154,5864.384450207694,68
28.987208779106275,-19.38558734963141,5845.675657570362,43
29.4239680381861,-17.902635541355032,5757.177602656797,50
29.828525287216067,-16.39446960897612,5698.426088051725,53
30.199615775859595,-14.862582265337702,5641.373697165021,58
30.53604718011592,-13.308648901258588,5603.90860263256,61
30.836711130779676,-11.734522893331683,5583.528905328643,63
31.10059445247256,-10.142227715509998,5581.824829300684,66
31.32678988270192,-8.533945775986911,5585.557448217234,69
31.514506035062094,-6.912004005683207,5609.049440238772,73
31.663076373836432,-5.278856338850511,5619.334373952484,78
31.771966979582253,-3.6370633441082068,5639.981828238438,84
31.840782906958136,-1.9892693789577922,5652.013894104231,86
31.86927296666634,-0.33817774537100764,5666.711753862604,86
31.857332801899677,1.3134755884615485,5683.452072576408,88
31.805006174493275,2.962949070743595,5700.331573656547,88
31.7124844250041,4.607522786867885,5722.553253524262,89
31.5801041217605,6.244525145865609,5743.073559280605,88
31.40834296398689,7.871358384458499,5764.063638623911,86
31.19781405091816,9.485522294170016,5798.64523181046,86
30.94925867013726,11.084635655644657,5811.435682662799,85
30.663537792376733,12.666454962689581,5828.294249035189,83
30.341622485447818,14.228890129974065,5840.50885443508,81
29.984583476125305,15.770016995713222,5859.349691872339,78
29.59358009566181,17.288086547098075,5873.622085054279,77
29.169848842624788,18.781530905509026,5879.4127587634575,76
28.714691786900914,20.248966205600464,5882.240912952868,69
28.229465022290125,21.689192583511723,5883.427646633123,66
27.707984681280347,-18.881321805783777,5876.397965865908,42
28.1280634986091,-17.431736221438964,5794.565392591176,49
28.516983103166123,-15.958753117026154,5733.808213233366,51
28.87356880346901,-14.463793818122378,5677.506978100602,55
29.19671518747841,-12.94844180794689,5633.440055792773,58
29.485396411595236,-11.41443791567135,5613.54128120852,59
29.738676186924,-9.863672783607086,5605.599300996353,63
29.95571726552019,-8.298176568789119,5611.414612882703,66
30.135790226491714,-6.720105920116033,5628.519802955916,69
30.27828136592388,-5.131728364244584,5639.824475947684,76
30.382699506111976,-3.5354043273565154,5662.342705872992,79
30.448681558571202,-1.9335671105850316,5674.424617753641,83
30.47599670135599,-0.3287012189524824,5685.852445835531,84
30.464549063498755,1.2766804880149263,5701.262015689568,84
30.41437884658465,2.8800603057392373,5721.5925668554655,85
30.3256618539692,4.4789393073683215,5744.86247612661,85
30.198707440036653,6.0708605282165955,5763.378674086721,86
30.03395493319809,7.653431179191262,5787.326224532958,83
29.83196862509432,9.22434339810461,5810.752953953582,82
29.593431452942813,10.781393109113136,5834.263830064818,80
29.31913753070465,12.322496637552561,5849.291756020299,82
29.00998370670528,13.845704815229984,5854.520768915578,81
28.666960339934313,15.349214404465423,5869.236844603987,79
28.291141494351088,16.831376762572436,5883.229892648455,76
27.883674750438995,18.290703757222612,5890.724234279773,71
27.445770826659036,19.725871023225913,5893.9347096516,65
26.978693191300465,21.13571871965099,5895.690679978319,65
26.442103530812037,-18.401738160342795,5937.532266931026,39
26.846290543499848,-16.984261883715146,5846.440560468414,45
27.220328514766223,-15.545039918405738,5773.2173900979105,51
27.563125191688194,-14.08542438246836,5719.76624740829,54
27.873654466474964,-12.606911642842405,5675.424038517813,56
28.150965576205664,-11.111137506393527,5643.497409954049,59
28.39419199554903,-9.599870088884918,5634.9046483378115,60
28.602559853260527,-8.075000341197873,5636.711494188181,64
28.775395702142763,-6.5385302822561515,5655.5230158276245,66
28.912133476750093,-4.992559062559445,5664.945547555359,70
29.01232048372471,-3.4392670574526587,5682.1904996920375,77
29.075622286255445,-1.880898261302337,5693.340051022384,80
29.1018263663896,-0.31974131855010035,5708.640716636774,82
29.09084447608751,1.2418904187038118,5724.270537266831,81
29.042713618951616,2.8016793777061135,5744.8859777758225,80
28.95759563818407,4.357324345504121,5761.9153174381445,82
28.835775421047526,5.906560687864189,5777.1375805753505,83
28.6776577643612,7.447179766500054,5804.605473091835,80
28.483762977833063,8.977047146984214,5830.467326908166,80
28.254721330920255,10.494119237842979,5845.28962324055,79
27.99126647326913,11.996458062028223,5855.463591864911,79
27.6942279777618,13.482243931524605,5866.336250811243,76
27.364523168279078,14.949785870262998,5882.036973993594,75
27.003148401326452,16.397529705734108,5899.062417428221,71
26.611169971840063,17.82406382199179,5902.33864113341,66
26.189714809265958,19.228122632902764,5906.149837772666,64
25.739961121088157,20.608587892049133,5907.35561160004,63
25.189938795928065,-17.945130103884555,5986.095493431669,37
25.578976738471614,-16.558557763150603,5891.597897792701,43
25.93884333018316,-15.151744394341145,5812.929477329482,47
26.26852188578846,-13.725975455306589,5765.84160921647,51
26.56705877821046,-12.282664991470831,5726.216240258582,53
26.833571679311504,-10.823350914770444,5683.323949187841,56
27.0672574957752,-9.349688296319332,5667.428312576405,59
27.267399854665896,-7.863440668548093,5673.011758966939,61
27.43337599328888,-6.366469390147587,5680.465316143092,64
27.564662912755278,-4.860721187588656,5690.4605543136695,67
27.660842664329497,-3.3482140475093285,5709.331408541939,73
27.721606652148726,-1.8310216918039388,5717.446467890989,76
27.746758854926416,-0.31125691870664124,5733.536540012396,77
27.73621789219334,1.208945864394859,5745.812856695025,79
27.690017886648786,2.7274485597629865,5764.061626815706,78
27.608308102254504,4.242127375569512,5778.290775373815,78
27.49135136662991,5.750890522428586,5796.950536047769,77
27.33952131486984,7.251695244680186,5820.435171769488,76
27.153298518894015,8.742563846512644,5840.600040805976,75
26.933265590754814,10.221598411008879,5856.1639206707305,75
26.6801013690422,11.686993958303749,5870.596938022756,77
26.394574313939025,13.137049844462478,5884.468122657675,74
26.077535248156053,14.570179262368569,5899.667122897975,70
25.729909587750345,15.984916766739488,5907.567105757673,68
25.352689208800015,17.379923804453064,5913.532302206724,63
24.946924093400206,18.75399228611935,5916.857322351401,62
24.513713891975442,20.106046283232548,5920.7032896519995,62
23.951810436442244,-17.50993925853611,5986.103111072211,33
24.326399436144996,-16.153116618111618,5938.746764257783,38
24.672762635965302,-14.777425925591578,5875.110311589146,41
24.989952714123007,-13.38408875280055,5807.363879862125,47
25.277082392642992,-11.97444153507365,5763.304014571637,50
25.53333183222219,-10.549930995897663,5738.294667379727,53
25.757955728909096,-9.112107868404333,5696.807543119787,57
25.95028998725014,-7.662618920588541,5706.036070524773,61
26.10975784544423,-6.203197338519409,5707.140939646208,60
26.235875332811368,-4.73565157106073,5722.848157605407,64
26.328255948642862,-3.2618527885224564,5741.944458844779,67
26.3866144641825,-1.7837211538558568,5746.9136463253935,71
26.41076976580038,-0.30321114609239086,5755.706354737777,75
26.400646676872107,1.1777037905217427,5772.082197990621,76
26.3562767177811,2.6570469737295617,5786.070843276673,76
26.277797786991638,4.1328542749817725,5800.476318076055,74
26.165452770357092,5.603189661457445,5807.532283217934,74
26.019587109756458,7.066160183397758,5834.937976845463,74
25.84064538482998,8.519930122053772,5855.3788634544935,72
25.62916698213238,9.962734043724355,5868.338278411622,71
25.385780943690744,11.392888543699174,5880.215523868743,71
25.11120010116945,12.808802508306874,5906.445052073073,67
24.806214612232235,14.208985771354014,5912.788436176946,67
24.471685022088916,15.592056090626933,5912.582394024383,63
24.10853497566313,16.95674441853133,5924.5338624248525,61
23.717743704541252,18.301898486333236,5928.935106226976,60
23.30033840824408,19.62648476217375,5921.027769482738,58
22.727989592601457,-17.094740154336563,6033.714210331789,32
23.08879018763723,-15.766563198277504,5987.307505700388,33
23.422278886852897,-14.420773127510985,5911.6911921923165,36
23.72757212162065,-13.058530524116573,5855.618283156044,43
24.00384344301243,-11.68109878242202,5817.735643899825,46
24.250330169172,-10.289839717010425,5777.978826970488,47
24.466339744251265,-8.886207706804859,5756.981187766731,48
24.651255700644715,-7.471742389414743,5727.921226675149,54
24.804543117663584,-6.0480599590459665,5739.60332918671,57
24.9257534744092,-4.61684316154841,5765.798220888042,59
25.014528802501758,-3.1798301198642345,5772.46617164618,63
25.070605055406908,-1.7388021603971286,5773.217830308011,67
25.093814625127486,-0.2955708438013171,5784.238403522122,67
25.08408795357717,1.148035569321867,5794.744413132346,70
25.041454204473336,2.590185967782887,5807.857149751591,70
24.966040981405452,4.029060293148509,5804.478761200419,72
24.858073098104587,5.462863234101887,5822.982266439811,72
24.717870427078154,6.889837456188186,5857.045546472016,68
24.545844871911743,8.30827612748334,5869.748552500736,67
24.34249652597162,9.716534524822821,5880.560970182173,68
24.108409095358166,11.1130405359483,5893.157859457511,65
23.84424467629001,12.49630390865357,5911.279913068813,63
23.550737986320804,13.864924136931059,5921.646482571351,63
23.22869015475194,15.217596914372548,5924.846137877992,60
22.878962180308438,16.553119124865994,5934.6679917973615,59
22.5024681637469,17.87039237833425,5936.889523365948,57
22.100168419839605,19.168425133520085,5922.709979299023,53
